no,pattern,n_level,tmp_example
1,　限りだ,1,御結婚の披露宴に出席できないことは残念な限りでございます/幼いときからずっと入りたかった大学に合格して嬉しい限りです/お目にかかれて光栄の限りです/一流ホテルに泊まるとは、贅沢の限りです
2,　（で）すら,1,こんな簡単なことは子供すら知っている/疲れすぎて立っていることすらできなかった/最も強大な帝国ですら崩壊する/こんなケーブル線ですら、6000円もした/先生ですらわからない難しい問題
3,　いかん,1,仕事の能力いかんでは退社させることもある/学校の発展は職員一同の努力いかんにかかっている/理由のいかんによらず、殺人は許されないことだ/天気いかんにかかわらず来ます
4,　ずにはすまない/ ないではすまない,1,子供の行為に対して親はその責任を取らずにはすまないものだ/こうなった以上は本当のことを言わずにはすまないだろう/借りたお金は返さないではすまない/知らないではすまないビジネスのルール
5,　（よ）うが/（よ）うと,1,昔の恋人が外国へ行こうが、今の私にはもう関係ない/彼が来ようが来まいが、時間になったら出発します/雨が降ろうが降るまいが、私は出かけます/パーティーに参加しようがするまいが、会費は全員払わなければならない
6,　が早いか,1,彼女は会社から帰るが早いか、遊びに出かけた/ベルがなったが早いか、生徒達は教室を飛び出して行った/その力士はまわしを取るが早いか、相手を投げ飛ばした
7,　（よ）うにも　ない,1,給料が安くて家を買おうにも買えない/転職しようにも、自分に向いている仕事が見付からない/頭が痛くて、起きようにも起きられなかった/宿題が多すぎて、遊ぼうにも遊べない
8,　嫌いがある,1,池田さんは最近、飲みすぎの嫌いがある/非難されると彼は怒る嫌いがある/面接のとき、緊張する嫌いがある
9,　がてら,1,買い物がてら友人の家を訪ねた/散歩がてら新聞を買ってこよう/旅行がてらいっぱい本を読んだ/息抜きがてら同僚とチャットをする
10,　てからというもの,1,受験するも決めてからというもの、ゆっくりテレビをみる時間もない/彼女が内の会社に入ってきてからというもの、雰囲気が一変した/子供を出産してからというもの、欝になりました/日本に来てからというもの、あまり泳ぎに行けなかった
11,　っぱなし,1,朝から立ちっぱなしで、足が疲れてしまった/歯を磨くとき、水を出しっぱなしにしないで、止めてください/玄関のドアを開けっ放しにしないでください/ゴミを散らしっぱなしにしないでください
12,　であれ,1,それが何であれ、かまわない/大統領であれ、規則は守らなければならない/誰であれ幸せを求めて生きている/納豆であれ、刺身であれ、何でも食う
13,　たところで,1,50才にもなって今更いい仕事を探したところで、苦労するばかりだ/あの人に頼んだところで、どうにもならないでしょう/急いで行ったところで、もう間に合わない/早く帰ったところで、猫が待っているだけですよ
14,ただ　のみ,1,あの会社はただ学歴のみを評価する/出来るだけの努力はした。あとはただ結果を待つのみだ/ただ女性のみが、子供を産むことができる/彼はただ外見のみならず、性格もいい/万理の長城はただ古いのみならず、その雄大さも世界で有名である/彼はただ勇敢であるのみならず、優しい心の持ち主である
15,　そばから,1,もう年のせいか、習うそばから忘れてしまう/うちの塀は消すそばから落書きされる/子供のオモチャを片付けたそばからまた散らかしている
16,　とあって,1,このスーパーは値段が安いとあって、いつも買い物客がいっぱいだ/今朝は寒かったとあって、出勤する人たちは皆、厚いコートのを着ている/人気スターがやってくるとあって、空港には大勢の人たちが待ち受けていた
17,　とあれば,1,本当に、この病気が治るとあれば、何でもやってみようと思います/この子の命が助かるとあれば、私は自分の命を投げ出しても惜しくない/あなたのためとあれば、私は死ぬことだって出来ます/遠来の客が来るとあれば、腕をふるって御馳走を用意しましょう
18,　といい　といい,1,自転車にひかれて、手といい足といい、傷だらけだった/このスーツは色といいデザインといい、あなたによくお似合いですよ/スピードといいパワーといい、今の彼に勝てる選手はいない/そのレストランは料理といいサービスといい、申し分なかった
19,　といえども,1,親といえども、子供の将来を勝手に決めることはできない/老いたりといえども、まだまだ若いものには負けないつもりだ/医者といえども、まだ治せない病気がたくさんある/たとえ外国人といえども、［郷に入っては郷に従え］です
20,　と思いきゃ,1,このレストランは安いと思いきゃ、会計は5000円以上だった/昼間だから絶対混んでいると思いきゃ、一人もいなかった/就職の面接でうまく答えられなかったので、不採用と思いきゃ、採用の通知が来た/赤ん坊がやっと寝たと思いきゃ、また大声で泣き始めた
21,　ずにはすまない/　ないではすまない,1,あんなひどいことを言ったのだから、謝らないではすまない/もう試合が近いので、頑張らないではすまない/学校の規則を破った私は、反省書を書かずにはすまないだろう
22,　では/　じゃあるまいし,1,外国へ旅行するのではあるまいし、こんな大きいなスーツケースはいりませんよ/子供じゃあるまいし、自分のことは自分でしなさい/幽霊が現れたんじゃあるまいし、そんな驚いた顔をするなよ
23,　とはいえ,1,日本語が話せるとはいえ、通訳はできません/１１月になったとはいえ、たまに雨が降ります/娘は二十歳とはいえ、まだまだ子供です
24,　とばかりに,1,日曜日なのに妻は早く起きろうとばかりに掃除機をかけはじめた/課長はよけな質問をするなとばかりに私に睨み付けた/彼女が舞台に登場すると、「待ってました」とばかりに大きいな拍手が起こった/
25,　としたところで/　としたって,1,全員が参加したところで、せいぜい20人位だ/彼がどんなにサッカーが得意としたって、素人の域から出ていないよ/目的もなく留学するとしたところで、苦労するばかりで得るものは少ない/ゴリラにしたって狭い檻のなかに閉じこめられているのはさぞストレスがたまるに違いない
26,　ところを,1,お休みのところを、お邪魔いたしまして大変申し訳ありません/こっそりタバコを吸っているところを、妹に見られた/オカズをつまみ食いしているところを、母に見つかってしまった
27,　ときたら,1,うちの息子ときたら、全然勉強しないで、ゲームばっかりしてるのよ/最近の若者ときたら、礼儀も知らない/わたしがかよっている日本語学校ときたら、コピー一枚で20円もとる
28,　至って,1,奥さんが離婚を決意するに至って、李さんは初めて自分の罪に気がついた/あの会社の成功に至るまでのけいいをご紹介しましょう/がんが全身に転移するに至っては手術のしようがなかった
29,　にあって,1,彼の家は丘の中腹にあって、見晴らしが素晴らしい/どんなに厳しい状況にあっても、彼は笑顔を絶やさない/この核時代にあっては、世界中どこの国だって安全ではない
30,　にたえる,1,趣味ではじめた刺繍だがようやく市販するにたえる作品が出来るようになった/最近みるにたえないDVDが流れている/十分、よむにたえる作品だ/この人の言葉づかいは乱暴で聞くにたえない
31,　(に)かかわる,1,これは私の名誉に関わる問題だ。このまま黙ってひきさがるわけにはいかない/あなたの将来に関わることだから、進路についてはよく考えるべきだ/命に関わる病気ではありませんから、安心してください/彼は福祉に関わる仕事をしている
32,　ながらも,1,もう飲んではいけないと思いながらも、友達に誘われてつい飲んでしまった/我が家が狭いながらも、皆一心同体で楽しい毎日がおくれる/彼女は女ながらも勇気に戦った
33,　なり,1,母親は深夜に帰宅した娘さんの顔を見るなり、怒鳴りつけた/終業のベルが鳴るなり、彼女は、[お先に]も言わずに事務所から出ていった/疲れていたのか、夕飯を食べるなり、寝てしまった
34,　なり　なり,1,今日は天気がいいから、洗濯するなり、布団を干すなりした方がいいですよ/ジュースなり、コーラなりお好きなものをどうぞ
35,　なりに/　なりの,1,収入が増えれば増えるなりに、その支出も多くなっていく/どんなに幸せそうに見えても、人にはその人なりに悩みがあるものだ/若者には若者なりの世界を持っているから、親は干渉しないほうがいいと思う
36,　ものを,1,電話をしてくれれば、駅へ迎えて行ってあげたものを/前もって知らせてくれればいいものを、何も言わなかったんだから/知っているのであれば、教えてくれてもいいものを/もう少し勉強すれば、合格できたものを
37,　はおろか,1,彼女は内気で、人前でスピーチはおろか、簡単な挨拶もできない/これだけの収入で、新築のマンションはおろか、中古アパートも買えない/彼女は漢字はおろか、ひらがなも正確に読めない/事故でケガをして走ることはおろか、歩くこともできない
38,　までもない,1,言うまでもないが、鍵をかけておいたほうがいい/そんなことは常識だ。きみに言われるまでもない/死ぬほど空腹で喉がかわいているのは、いうまでもないが、寒さで感覚がなかった/このぐらいの雨なら、傘をさすまでもない/予約したホテルは駅を降りたら探すまでもなく、目の前にあった/年金にありつきたいのは言うまでもない/言うまでもなく、学生にとっては勉強が一番大切だ/比べるまでもない/電話番号なら調べるまでもない。ここに書いてある/そんな遠い店まで買いに行くまでもないよ。電話で注文すればすぐ届くんだから
39,　まみれ,1,その子供たちは全身ほこりまみれだった/彼は全身泥まみれだった/そのナイフは血にまみれていた/彼の額は汗まみれだった/インドにお互いを色でまみれる祭がある/あの子は泥と埃、塗れだった
40,　んばかり,1,彼女は胸もはり裂けんばかりにわっと泣きくずれた/そうだろうか、と言わんばかりに彼女は目を見開いた/彼は今にも気も狂わんばかりの状態だった/頭はズキズキと割れんばかりだ/彼は、言わなくともわかるだろうと言わんばかりだった/彼が幸せのあまり泣かんばかりの様子で彼女に近づいてきた
41,　を限りに/　を限りで,1,今日を限りにタバコをやめることにした/観衆が声を限りに叫び拍手喝采している/このバンドは今回のコンサートを限りに解散することになった/昨日の講義を限りに、鈴木教授は大学を定年退官した/実は、今日を限りに会社を辞めることにしたんです/在庫限りで終了します/新築の家を買った。今月を限りにこのマンションともお別れだ
42,　や否や,1,彼が家から出てゆくやいなや、例の旅の男がはいってきた/会社に着くや否や、またまたいいことが起こった/不運な娘が眼をとじるやいなや、ジョンは手紙をひらこうと思った/わたしはその人の顔を一目見るや否や、１０年前に別れた恋人だと気がついた/彼が登場するや否や、会場から割れんばかりの拍手が沸き起こった/ドアが開くや、猫が飛び出してきた/ベルが鳴るや否や、学生たちはいっせいに書き始めた/授業が始まるや否や、彼は眠りを始めた/その男の人は部屋に入るや否や、いきなり大声で怒鳴り始めた/食卓に到着するや否や、彼女が詰め寄った
43,　ゆえに,1,悪天候ゆえに旅行は延期された/何ゆえにうそをついたのか/あの大統領は庶民性をそなえているがゆえに、人気を集めているという/動かぬ証拠があるゆえ、有罪が確定した/貧しいがゆえに十分な教育を受けられない人がいる/有名人ゆえの悩みがある
44,　かたがた,1,ごあいさつかたがた、お伺いしました/散歩かたがた、友達を訪ねた/先日お世話になったお礼かたがた、社長のお宅にお寄りしました/毎朝、犬の散歩かたがた、公園のごみ拾いをしている/本日は先日のお詫びかたがた、お伺いしました/本日はお礼かたがたお伺いしました
45,　かたわら,1,彼は教師の仕事をするかたわら、小説を書いている/彼女は会社勤めのかたわら、ボランティア活動に積極的に取り組んでいる/わたしは学校に通うかたわら、夜はスーパーで働いている/松本潤は歌手としての活動のかたわら、俳優としても活躍している/彼がみんなの皿一杯にたっぷり肉を切って分けるかたわら、奥さんはおもしろおかしく話してみんなを喜ばせました/父は農業のかたわら、小さい店を経営している
46,　ことなしに,1,姉はそのままいちども意識を回復することなしに、しだいに衰弱が加わって、とうとう死んでしまいました/努力することなしに、成功を勝ち取ることは難しい/あなたにこんな恐ろしい経験をさせることなしに、救い得ていたろうと思いますよ/親友は細かい事情を聞くことなしにすぐにお金を貸してくれた/彼女は単刀直入に思うことを話しはじめた。 何らためらうことなしに、言葉はすらすらと出てきた/担当教師の許可を得ることなしには、履修科目の変更はできません/タバコを吸うことなしには一日もいられない/人事部の許可を得ることなしに、勝手に休みを取ることはできない
47,　ごとき/ごとく,1,パトカーサイレンを鳴らしてナイフのごとく、車の群れを切り裂きました/暑い日に草むしりをしていたら、汗が滝のごとく流れてきた/今回のごとき事件は二度と起こしてはならない/わたしのごとき未熟者にそんな重要な役割が果たせるでしょうか/君ごとき若者に、まだまだわたしは負けないよ/彼のごとき人物は忘れられて当然だ/彼女はまるで自分が女王であるかのごとく振舞っている/泥棒が脱兎のごとく、店を飛び出した
48,　極まる/　極まりない,1,わたしは、彼の失礼きわまりない態度に我慢できなかった/僕にとっては、彼女が生きていることは危険きわまることなんだ/彼は首相として、無責任きわまりない/あいつはおそらく、危険きわまる殺人者だろう！/「いま忙しい」迷惑きわまりないと言いたげに、彼女は答えた/昨日見た映画は、平凡極まる内容だった/こんな退屈極まりない仕事を辞めたい/感極まって、彼女はナプキンに顔を埋めた
49,　が最後,1,信用というものは、いったん失ったが最後、取り戻すのは難しい/ああいうおとなしい人って、みんなそうらしいんですけど、いったん、癇癪を起こしたが最後、手がつけられないほど腹を立てるんですね/うちの息子はパソコンの前に座ったが最後、声をかけても返事もしない/あの子はいったんに遊びに出たが最後、暗くなるまで戻ってこない/田中さんはカラオケが大好きで、マイクを握ったが最後、誰にも渡さない/不倫をしたが最後、なかなか元の家庭に戻れない/それを言ったが最後、あなたたち二人の友情は完全に壊れてしまうよ
50,　たりとも,1,いっぷんたりとも貴重だ！君には分らないのか？/募金で集めたお金は１円たりとも無駄にできない/生徒が一人たりとも寮の外に残っていないよう、見まわってください/どんな相手でも、試合が終わるまでは一瞬たりとも油断ができない/あいつには、もう一瞬たりとも平和なときはない/あなたのことは一日たりとも忘れたことはありません/これから果たすべき重大なつとめのためには、残された時間を一秒たりとも無駄にできない/医者は手術の間、一瞬たりとも気が抜けない
51,　とは,1,山の奥に邸宅を建てるなどとは、物好きな人間もいるものだ！/見ていたとは、どういうことですか？/このような事が起こるとは、思いもよらなかった！/コーヒー一杯で３千円とは、いくらなんでも高すぎる/こんなにはっきりしたことに気がつかないとは、わたしはのろまだった/ああいった人物が、小説の主人公以外に実在しようとは、夢にも思わなかったなあ
52,　といったらない,1,僕がちょっと君を驚かすに足る材料を入手し得た/山本さんは信頼するに足る人物です/彼女の同情と好奇心とは、頼むに足るものがある/彼が誇るに足る奴だ/インターネットで得た情報は、信頼に足るものではない/この子は、規則を犯していたと信じるに足る証拠をわたしはつかんでいます
53,　つ　つ,1,ゆっくり二人で、差しつ差されつ朝まで飲みましょう/昨日のマラソンでは、2人の選手が最後まで、抜きつ抜かれつトップ争いをしていた/彼は花束を持って、彼女の家の前を行きつ戻りつした
54,　に言わせれば/　から言わせれば,1,彼は天才と言われているが、私に言わせれば、単なる努力家だ/「もう私も６０歳を過ぎで、年を取りましたよ。」「いえ、うちの親に言わせれば、まだまだ若いそうですよ。」
55,　ずくめ,1,彼女は、黒ずくめのめだたない服装をしている/もう十分に悪いことずくめなんだ。君が何でもかんでも自分のせいにしなくたって！/今年は、息子の結婚、孫の誕生と、めでたいことずくめの一年だった/それらはみんな白色だったが、その白ずくめの中で彼女は光りかがやいていた/今日は朝からいいことずくめで幸せな気分だ/紫ずくめの肥った婦人は輝いて見える/彼は頭から足先まで黒ずくめで、その黒服はすりきれてはいたが、小ぎれいだった/この一年間はよいことずくめだったが、来年はどうだろうか
56,　ともなく/　ともなしに,1,先生は見るともなく、ぼんやりと全生徒を見渡した/夕べ、両親の話を聞くともなしに聞いていた/本を引っ張り出し、開くともなく開いた/休みの日にはどこへ行くともなしにドライブすることが多い/「まあ、まあ」彼が誰に言うともなく言った/ウェートレスは、聞くともなしに客の密談を聞いてしまった
57,　と(も)なると/　と(も)なれば,1,社会人ともなると、服装や言葉遣いにも気をつけなければならない/子供は小さいときは素直だが、中学生ともなると、親の言うことを聞かなくなる/休日ともなると、朝から観光客の車で道路が渋滞する/１２月ともなると、町にはジングルベルのメロディーがあふれる/部長ともなると、部下を育てることを考えなければならない
58,　ない（もの）でもない,1,大変な仕事だが、夜を徹して行えば、できないものでもない/そんなに頼むのなら、その仕事を代わってやらないものでもない/一生懸命働けばマイホームが手に入らないものでもない/条件によっては、この仕事を引き受けないものでもない/「わたしが悪かった」と素直に謝れば、許してやらないものでもない/少し遠いが、歩いて行けないものでもない/難しいけれど、何とか工夫すれば、できないものでもないだろう/ちゃんと返すと約束するなら貸さないものでもない
59,　ないまでも,1,プロにはなれないまでも、サッカーを続けていくつもりだ/全額でないまでも、せめて利子ぐらいは払ってくれ/彼が犯人だと断定できないまでも、いろいろと怪しいところがある/見舞いにこないまでも電話ぐらいはするものだ/昨日の演奏は、最高の出来とは言えないまでも、かなりよかったと思う/結婚式には出席できないまでも、お祝いのプレゼントくらいは贈ろう/プロのコックとは言わないまでも、彼の料理の腕はなかなかのものだ
60,　なくして（は）,1,君は何も理由なくしてその場にいるということはない/「努力なくして成功はない」という言葉は、父の口癖くちくだ/監督の熱心な指導なくしては、今回の優勝はなかっただろう/コミュニケーションなくしては、人間が関与する一切の活動かつどは成立しえない/苦難に満ちた母の人生は、涙なくしては語れない/本人のやる気なくしては治療の意味がありません
61,　ながらに/ながらの,1,人間は生まれながらにして平等である/彼は自らのつらい体験を涙ながらに語った/彼女は片手をのどへやってむせび泣きながらの話なので、終りのほうはよく聞きとれなかった/彼は生れながらにして、人をひきつける力をそなえている/今日は会社の同僚といつもながらのところで夕食を済ませた/ありがたいことに電話というものがある。わたしはいながらにして重要な情報は集められるのさ/その店は、昔ながらの製法で豆腐を作っている/生まれながらの商売人だなんて、周りにも煽てられてます/上海の街中でスパイ小説さながらのドラマが始まっていた/彼は、私が気ちがい猫みたいにとびかかってきたときの様子を、涙ながらに話す声が聞こえてきた/一番よい仕事がなされる場所に仕事を移すべきだという昔ながらのエコノミストの教訓を、私は心から信じている/こういう夜が好きだ。笑い声があちこちから聞こえ、いつもながらのさりげないやりとりに耳を傾けながら、のんびりと過ごす
62,　ならでは,1,全国各地にその地方ならではの名産がある/あそこでは一流ホテルならではの豪華な雰囲気が味わえる/世界各国にはその国ならではの伝統文化と風習がある/あなたならではの発想で、この企画を考えてください/自己コントロールは人類ならではのすばらしい能力のひとつですが、人類の優れた特徴は自己コントロールだけではありません
63,　なしに,1,彼が何の予告もなしに立ち上って、話をはじめた/なにか確たる目的なしにああまで懸命に勉強したり、正確な知識の獲得に汲々するものはあるまい/ノックなしにわたしの部屋に入らないでください/あんなにひっきりなしに地図を見ていたのに、降りる駅を間違えた/教授の助言なしには、この研究の成功はなかった/彼は否応なしに店に入っていった/先生方のご指導なしには、論文を書き上げられなかっただろう/お茶なしには一日が始まらない/努力なしにものごとが達成されることはない/軍隊というのは食糧なしには戦えないのに、その食糧がないのです/彼は、こんなふうに、いきなり前ぶれもなしに家を留守にすることが、これまでに何回もあった/このまま、たいした苦痛もなしに死ぬことができれば本望だわ
64,　なり 　なり,1,忙しく誰かを追いかけるなり、何かをするなりしたいもんですな/電話をかけるなり、そのころ訪ねてくるなりしたらどうですか？/メールなり電話なりで、彼女に連絡したまえ/分からない単語があったら、辞書を引くなり誰かに聞くなりして調べておきなさい/勉強ばかりしていないで、たまには外に遊びに行くなり買い物をするなりして、気分転換を図ったほうがいい
65,　に即して,1,会社の現状に即して経営計画を考えましょう/新聞には、事実に即して、正確な情報を提供してほしい/実状に即して計画を練らなければならない/違反者は、法律に即して処分されます/このような規則は、実態に即して柔軟に適用すべきだ/現状に即して物事を考えよう
66,　に足る/足りる,1,僕がちょっと君を驚かすに足る材料を入手し得た/山本さんは信頼するに足る人物です/彼女の同情と好奇心とは、頼むに足るものがある/彼が誇るに足る奴だ/インターネットで得た情報は、信頼に足るものではない/この子は、規則を犯していたと信じるに足る証拠をわたしはつかんでいます
67,　に足りない,1,彼らの言葉は一つとして信じるに足りない/彼は全くあなたの信頼するにたりない男です/彼の証言は、兄の証言のまったくのくり返しで、ほんとに取るに足りないものだった/小田さんは頼むに足りない人だ/あなたの実力をもってすれば、大学入試など恐れるに足りない
68,　に(は)あたらない,1,そんなことはべつにたいして驚くにはあたらないことだ/彼に振られたからといって、泣くにはあたらない/その程度のことで怒るにはあたらない/あのホテルのサービスは賞賛にはあたらない 。 ホテルならあのくらいは当然だ/彼女の発言は責めるにはあたらないと思う/彼なりにできるだけの努力をしたのだから、いい結果を出せなかったとしても、非難するにはあたらない
69,　ばこそ,1,うるさいと感じるかもしれないが、親があれこれ言うのはあなたのことを心配していればこそだ/社長は親切であればこそ十万円くれたのだ/愛していればこそ、別れるのです。わたしの気持ち、わかってください/子供のためを思えばこそ、費用は子ども自身に用意させたのです/優勝できたのは、チーム全員の協力あればこそだ/あなたに勉強させているのは、あなたの将来を考えればこそだ/きみのためを思えばこそ、叱るのだ
70,　ばそれまでだ,1,この機械は水に弱い、水がかかればそれまでだ/どんなに美しい花でも、散ってしまえばそれまでだ/八年間、夫婦生活をしてきたが、離婚してしまえばそれまでだ/仕事だと言ってしまえばそれまでだけどね
71,　にひきかえ,1,わたしがきれい好きなのにひきかえ、妹はいつも部屋を散らかしている/停車場は奇妙に静かだ。 それにひきかえ、車内はいやにざわついている/先日までのひどい天気にひきかえ、当日は晴れている/同じ兄弟でありながら、彼らほど性格が違うのも珍しい。 いつも冷静でしっかり者の兄にひきかえ、弟の方はなんと落ち着きのないことか/息子が社交的なタイプなのにひきかえ、娘は人前に出るのを嫌うタイプだ/去年にひきかえ、今年は暖かい/読書好きの姉にひきかえ、妹は本を読もうとしない
72,　にもまして,1,彼女は前にもまして元気なくうなずいた/けれども彼には、これにもまして悪い行いがあるのです/彼女は以前にもまして美しい/今回のイベントは、前回にもまして好評だった/大学生の就職は、今年は去年にもまして、さらに厳しい状況になることが予想される
73,　べからず,1,経営者にとって決断力は欠くべからざるものである/ ここまで来るはよいが、先へ進むべからず/ 関係者以外立ち入るべからず/ 『ここで釣りをするべからず』という立て札が立っているのに、何人か釣りをしている人がいる/ 入り口の看板に『危険、入るべからず。危ない』って書いてあるよ/ 芝生に立ち入るべからず/しょしん、忘るべからず
74,　をおいて,1,彼をおいて、この仕事を任せられる人間はいないだろう/わが社の危機を救える人は、あの人をおいて、ほかにはいないだろう/わたしとしてはあなたをおいてほかに、助けていただける人はありません/みんなから信頼されている彼をおいてほかに適当な人がいないだろう/あの部屋でどんなことが行なわれたか？それを明確に語りうるのは、この男をおいてほかにはないのだ/次の首相にふさわしい人物は、彼女をおいて、ほかにはいない/この景色を一緒に見る人は、君をおいてほかにいないと思っていたんだ
75,　めく,1,簡単でむずかしいとは、なんだかすこし逆説めいているぜ/彼女はあなたに対する脅迫めいたことを言っていましたか？/あの女にたいして、彼が恋愛めいた感情をいだいているというのではない/利口な男はどこか気ちがいめいたところがある/教授の謎めいた言葉にどぎもをぬかれて、彼は何を言っていいのか、次にどうしたらいいのか途方にくれているようであった
76,　べく,1,彼はサッカー選手になるべく、毎日厳しい練習をしている/兄は締め切りに間に合わせるべく、昼も夜も論文に取り組んでいる/彼は一日も早く借金を返すべく、必死で働いている/ウイルスの感染経路を明らかにすべく調査が行われた/恩師に会うべく、久し振りに母校を訪れた/彼はこの十年間人生を立てなおし、暴力に満ちた過去を消すべくつとめてきた/開幕式に間に合わせるべく突貫工事が行われている/故人との最後の約束を果たすべく、井上はただちに準備を始めた
77,　もさることながら,1,このノートパソコンは、価格もさることながら、デザインがよいので人気がある/歌のうまさもさることながら、彼女はピアノの名手なんです/彼は外見もさることながら性格もとてもいい/就職先を決めるときは仕事の内容もさることながら、条件や待遇も無視できない
78,　まじき,1,これは信任されている秘書にもあるまじき行為ですが、こうせっぱ詰まっては止むを得ません/親を騙すなんて、子供にあるまじき行為だ/弱いものをいじめるなんて、許すまじきことです/彼のやったことは、人としてあるまじき残酷な行為だ
79,　までだ,1,わたしは落ちてるものを拾いあげたまでだ/就職が決まらなくても困らない。 アルバイトをして生活するまでだ/ここじゃ日本の法律に従ってやるまでだ/誰も協力してくれないのなら、一人でやってみるまでだ/あなたのご意見は反対なのですから、事はそれまでです
80,　をもって,1,２月２０日をもって願書受け付けを締め切ります。 遅れないように出してください/ 当店は１０月末日をもって閉店させていただきます。 長い間のご利用ありがとうございました/ この大会は本日をもちまして終了いたします/ ９月１０日をもちまして、退職いたしました/ わたしたちはできるだけのことをしたつもりなのです。 まごころをもってお仕えしました/ 敬意をもって接してくれるだろうな/ 彼は人一倍の努力をもってメダルを手にすることができました/ 最新の医療技術をもってすれば、人はさらに寿命を延ばせるだろう/ 彼らは恐懼の念をもってその死骸のまわりに集まった
81,　をものともせず,1,彼は危険をものともせずに、行方不明の子の捜索を続けた/彼女は親の反対をものともせずに、彼と結婚した/エジソンは周囲の非難をものともせずに、実験を続けた/彼は度重なる困難をものともせず前に進んでいった/周囲の反対をものともせず、うちの息子はいつも自分の意思を通してきた/悪天候をものともせず、兄とサッカー観戦に出かけた
82,　を禁じ得ない,1,その名前をきいて彼はある不快な印象を禁じえなかった/大災害で家族を失った人の話を聞いて、涙を禁じえなかった/大手企業が相次いで倒産すると聞いて、驚きを禁じえない/わたしたちは、彼の突然の辞職に、戸惑いを禁じえない/政治家の汚職を見るにつけ怒りを禁じえない/地震の被害者の方々には、同 情を禁じえない
83,　をよそに,1,丸子は、親の心配をよそに、遊んでばかりいる/住民たちの抗議行動をよそに、公園の建設計画が進められている/彼女は親の心配をよそに、一人でイラクに行った/親の期待をよそに、子供たちは毎日ゲームに熱中している/あの子は教師の忠告をよそに、相変わらず悪い仲間と付き合っている/彼女は自分の失敗をよそに、他人の批判ばかりしている
84,　を余儀なくされる,1,道路拡張の工事のために、この周辺の人々は引越しを余儀なくされた/あのサッカー選手はまだ若いが、度重なるけがにより引退を余儀なくされた/不正な取引が明らかになり、その取引に関わった会社役員は辞職を余儀なくされた/災害のため、多くの住民が避難所での生活を余儀なくされている/彼は病気で入院を余儀なくされた/台風によって交通機関が止まってしまい、旅行の中止を余儀なくされた
85,　んがため,1,神のつくりたまえるあらゆるものは、愛につかえんがためにできているのではないか/ライオンは生きんがために、ほかの動物を食べる/試験に合格せんがため、この一年間一生懸命勉強していました/真実を明らかにせんがための調査が行われました/夢をかなえんがため、日々努力している/僕は勝たんがためには、どんなひどい手段でもする/食べんがために生きるのではなく生きんがために食べるのだ/あの人は成功せんがために、ずいぶんひどいことをやってきた
86,　だに,1,こんなことになるとは、夢にだに思わなかった/思い出すだに怒りで熱くなる/科学の力で自分と全く同じ人間が作り出せるなんて、そんな事を考えるだに恐ろしい/全国にこの病気が広まったら、百万人もの人が死ぬなど、想像するだに恐ろしい/いま往時を回想するだに暗然たるものあり/自分が政治家になろうとは、想像だにしていなかった
87,　からある/　からする/　からの,1,そのデモには２０万人からの人が参加したそうだ/１００キロからある荷物を５階まで運ぶには、足腰の強い人が３人は必要だ/今年のスピーチコンテストには１０００人からの人が集まった/長さ５メートルからある蛇が、突然、目の前に現れた/彼女は５億円からする遺産を相続したそうだ
88,　始末だ,1,うちの娘は、ダイエットのしすぎで病気になり、入院する始末だ/体を鍛えようとジョギングを始めたが、走りすぎて膝を痛めてしまい、病院に通う始末だ/あの人は遅刻はする、約束は忘れる、ついには居眠り運転で事故を起こす始末だ/弟は昔から両親に手を焼かせていましたが、ついに家出をして、警察のやっかいにまでなる始末です/ちょっと目を離したら、この始末だ/兄は借金を返すためと言って家にあるものをお金に換え、母のパソコンまで売ってしまう始末だ/弟はお金がなくて、電気や水道も止められる始末だった
89,　こととて,1,経営者にとって決断力は欠くべからざるものである/ ここまで来るはよいが、先へ進むべからず/ 関係者以外立ち入るべからず/ 『ここで釣りをするべからず』という立て札が立っているのに、何人か釣りをしている人がいる/ 入り口の看板に『危険、入るべからず。危ない』って書いてあるよ/ 芝生に立ち入るべからず/初心、忘るべからず
90,　あっての,1,どんな小さな成功も努力あってのことだ/日々の練習あっての勝利だ/つらい治療に耐え、病気を克服することができたのは、家族の励ましがあってのことだ/三浦監督はわたしの恩人です。 今のわたしがあるのも監督あってのことです/僕の幸せは家族あってのものだ。 みんな病気をせず元気でいてほしい
91,　と相まって,1,環境破壊と相まって、水や空気の汚染が進んでいる/高齢化と相まって様々な悪影響が引き起こされている/不況と相まって、会社員の給料は伸び悩んでいる/経験不足が相まって、就職は非常に困難だ/努力と運が相まって、合格することができた
92,　というところだ,1,平均睡眠時間は８時間といったところだ/パーティーの参加者は、７０人から８０人といったところでしょう/「毎日ここに行くの？」「毎日というわけではない。 一周に、一回か二回というところだ/時給は８００円から１０００円というところだ/勉強時間は３、４時間というところだ
93,　ないではおかない/　ずにはおかない,1,息子は一流の音楽家になるといって家を出た。 大変だが、きっと目的を達成しないではおかないだろう/度こそ、本当のことを言わせないではおかないぞ/新企画の中止が決まろうとしているが、担当した者たちは反対しないではおかないだろう/この映画は評判が高く、見るものを感動させずにはおかないだろう/今度こんなことをしたら、警察に届けないではおかない/あれほど注意したにもかかわらず試合でカンニングをするものには、厳しい罰を与えずにはおかない/親友に裏切られたのだから、仕返しをしないではおかない
94,　でなくてなんだろう,1,一度聞いただけの曲をかんぺきに演奏できるなんて、彼は天才でなくてなんだろう/戦争で多くの人が殺されているとは、悲劇でなくてなんだろう/このようなところに道路を作るのは、税金の無駄遣いでなくてなんだろう/彼女に対するこの気持ちは、愛でなくてなんだろう/泳げもしないのに海へ飛び込んだ。 これが無謀でなくてなんだろう/自分の命を犠牲にして多くの人を救ったあの男が英雄でなくてなんだろう
95,　てやまない,1,多くの困難にも負けず、努力を続けている彼女はすばらしい。 わたしは彼女の成功を願ってやまない/親は子供の将来を期待してやまないものだ/あなたの幸せを願ってやみません/なぜ彼女に本当の気持ちを正直に教えてあげなかったのかと後悔してやまない/別れていても、彼女の幸福を心より祈ってやまない/われわれは世界平和の実現を願ってやまない/母が死んで１０年以上たつのに、父はまだ母を愛してやまない
96,　に難くない,1,その三ヶ月のあいだに、どんなことが起ったか？それは想像にかたくない/愛する人を失った彼女の悲しみは察するにかたくない/オスカー受賞者の喜びは、察するにかたくない/彼の実力を見れば、いかに努力したかは想像にかたくない。天才は１％のひらめきと９９％の努力によって作られるというではないか/そのとき、彼がどんなにつらかったかは察するにかたくない
97,　にして,1,学校で最も人気があり、賞賛の的だった桜子は、一夜にして突然、一番の嫌われ者になっていた/天才の彼にして解けない問題なのだから、凡才のわたしに解けるわけがない/日本語能力試験一級は非常に難しく、僕も５回目にしてようやく合格できた/彼女は怖ろしい酒乱で結婚四年にして酒のために死んだ/彼女は４５歳にして母親になった
98,　の極み,1,本人の前であんなことを言うなんて、非常識の極みだ/残業続きで、疲労の極みに達している/世界的に有名な俳優と握手できたなんて、感激の極みだ/おほめいただいて光栄の極みです
99,　の至り,1,大統領にお目にかかれて、実に光栄の至りです/言葉遣いの間違いを指摘され、赤面の至りだった/こんな立派な賞をいただきまして、光栄の至りです/おほめの言葉をいただき、恐縮の至りでございます/あなたのような大スターとお会いできるなんて感激の至りです
100,　だけでなく/　のみならず,1,最近のロンドン爆破テロは、ひとりイギリスだけではなく、世界の問題です/いじめや不登校問題は、ひとり教育の現場だけでなく、大きな社会問題となっております/義務兵役制度はひとり台湾、ドイツだけでなく、デンマーク、オーストリアなど全世界20カ国で長い歴史を持っています/失業はひとり本人の問題だけでなく、家族にも心配しんをかける/公共の場所でタバコを吸うのはひとり本人に有害であるだけでなく、周囲の人にとっても迷惑なものである/就職難はひとり上海のみならず、ほかのところにおいても同様どうよに見られる傾向である/出生数の減少傾向は、ひとり日本のみならず、諸外国においても同様に見られる
101,　を皮切りに,1,山田さんの発言を皮切りにして、会議は大混乱となった/東京を皮切りに全国２０ヶ所でコンサートを開く/花より男子に主演したのを皮切りに、小栗旬はスターへの道を歩み始めていた/彼の発案に皮切りとして、熱心な討議が始まった/彼の店は京都で成功したのを皮切りに、各地に次々と出店していずれも成功を収めた/国防費を皮切りに種々の予算が見直され始めた
102,　かねる,2,その件については私にはわかりかねます/会社も彼を首にするかどうか決めかねているようだ/ 彼に本当のことを言い兼ねている
103,　かねない,2,この道に信号を付けないと次の事故が起こり兼ねない/ そんなことを言ったら彼女を傷つけかねない
104,　っこない,2,1日10時間も勉強するなんて、僕にはできっこないよ/安全運転をしている人だから、事故なんて起こしっこないよ
105,　ながら(も),2,体に悪いと知りながらも、タバコがやめられない人は多い/ 彼女は女ながらも、勇敢に戦った
106,　がち,2,雪が降ると、電車は遅れがちだ/カルシウムが不足しがちな人は牛乳を毎日飲んだほうがいい
107,　ぎみ,2,最近太り気味なので、夕食を抜くことにした/ 今日はどうも風邪気味で、頭が痛い
108,　がたい,2,夫が 亡くなった。 娘に そんなひどいことを 言いがたい/ 女性の考え方には、我々男性には理解しがたいことがある
109,　ざるをえない,2,いやな仕事でも、生活のためには続けざるをえない
110,　に過ぎない,2,来年大地震があるというのは、うわさにすぎない/いくら働いても一ヶ月の収入は20万円にすぎない
111,　ことなく,2,あの人は毎年忘れることなく、誕生日プレゼントをくれる/ 彼は何度失敗してもあきらめることなく、研究を続けた/ 山本さんは20年間休むことなく会社に通った
112,　あげく,2,いろいろ考えたあげく、今年は日本に行くのをやめた/ 徹夜で勉強したあげく、寝坊をして試験を受けられなかった
113,　だらけ,2,身も心も傷だらけの彼は最後自ら自分の命を絶ったのです/ そのとおりなんだ。わたし自身、欠点だらけの人間だ
114,　だけましだ,2,事故にあって、小さい怪我をした。骨折しないだけましだ/ 今日は寒いけれど、雪が降らないだけましだ/ 僕のアパートは、狭くて高いけれど、便利なだけましだ
115,　だけあって,2,さすがに偉大な学者だけあって、彼はその問いに簡単に答えた/ あの先生は、経験が長いだけあって、授業がわかりやすくておもしろいですね/ さすがは軍人の妻だけあって夫が戦死しても泣かなかった/ 試験のために一生懸命勉強しただけに、不合格のショックは大きかった/ このいすは丈夫だ
116,　基づいて/  基づき,2,あの小説家はいつも事実に基づいて小説を書いている/ 彼女の話に基づいて、人殺しを究明しています
117,　に応じて,2,収入に応じて生活様式を変える/ 旅行のプランは、お客様のご希望に応じて変更できます/ テスト結果に基づき、能力に応じたクラスに 分けられます
118,　にわたって,2,幼い時にわたって、私は苦労して、幸せなときちっともない/ わがしゃは 20 年間にわたって、この薬の研究開発に努めてきた/ 今日は祝日なので、日本にわたる図書館が 休みます
119,　とともに,2,自動車が普及するとともに、事故も増加した/ 引退した後、娘とともに 楽な生活を送る/ ピストルの音とともに、選手たちはいっせいに走り出した
120,　どころか,2,ダイエットしていたのに、痩せるどころか、太ってしまいました/ 彼女は料理ができないどころか卵さえ割れない/ 寒いどころか 34 °C もあるよ
121,　ものなら,2,少年時代に戻れるものなら戻ってみたい/ みんなダイエットしたがっているが、わたしは太れるものなら太りたい/ この問題を一分で解けるものなら解いてみろ
122,　くせして,2,大学生のくせして、そんなことも知しらないの?/ 彼は 先生に 上手だとほめられるくせして、大学入試 試験を 落ちた
123,　もかまわず,2,彼女は自分の命もかまわず、子供を救うため、火の中に飛び込んだ/ 彼は 靴が脱げるのもかまわず、 走りつづけた
124,　ことから,2,顔がそっくりなことから、双子であることを知った/ 道がぬれていることから、昨夜、雨が降ったことが分かった
125,　末に,2,考えた末に、仕事をやめることにしました/ 住民との話し合いの末、その建物の建設は中止となった
126,　からといって,2,彼から連絡がこないからといって、そんなに心配することないよ/ 安いからといって、要らないものまで買うのはよくない/ 日本人だからといって、すべて日本文化について知っているわけではない
127,　に応えて,2,学生の希望にこたえて、図書館は夜9時まで開けられることになった/あの選手は国民の期待にこたえ、金メダルを手にした
128,　いらい,2,ミャンマーに 来て以来、ミャンマーに 対する考え方が 少しずつ 変わってきた/ 卒業以来、彼は母校で先生として働いている/それ以来彼からは何の便りもありません
129,　切る/切れない,2,この小説は おもしろくて、一日で 読み切った/ お小遣い を使い切ってしまった/ 彼女は疲れきった顔をしていた/ ご飯の量が多くて、食べきれない/ 新曲が出るのが待ちきれない
130,　ぬく,2,仕事を引き受けたからには、諦めず最後までやりぬくつもりだ/ 彼女は初めてマラソンに参加して最後まで走りぬいた
131,　からには,2,会議に 出席するからには、自分の 意見を 言うべきだ/ 何回も話し合って皆で決めたことだ、決めたからには成功するように頑張ろう
132,まだしも,2,お金を とられるだけならまだしも、殺されるなんて ひどい/ 僕を 殴るのはまだしも、僕の彼女を殴ったあいつを 許せない/ 10 分や 20 分なら まだしも、1 時間も 待てません
133,ものの,2,祖母は元気なものの、年を取ってあまり外に出なくなった/ 大学を卒業したものの、まだいい仕事を見つけない
134,　ほかない,2,バスがないので、歩いていくよりほかしかたがない/ もう後には戻れない、前進するよりほかない/ 雨が降っているので、残念だが今日の遠足は延期するほかない
135,　にほかならない,2,彼が成功したのは、長年の苦労の結果にほかならない/ 今回の失敗の原因は、準備不足にほかならない
136,　もとで,2,わたしは大学に入るまで、両親のもとで暮らしていました/ 田中 先生の ご指導のもと、研究論文を書いています
137,　際,2,車を運転する際には免許証が必要だ/ 非常の際には、この窓ガラスを割って逃げてください
138,　につき,2,昼休みにつき、事務所は2時まで休みです/ この道は工事中につき、通行止めになっています/ 1ページにつき、3枚ずつコピーして下さい/ アルバイト料は昼は1時間につき800円ですが、深夜は1000円です/ 子供を虐待につき、あるプロジェクトを行います
139,　もとより,2,わたしが生まれた村は、電車はもとより、バスも通っていない/ 今の子供たちは学校はもとより塾へも通わせられている
140,　上は,2,約束した上は、どんなことがあっても守ります/ キャプテンに選ばれた上は、頑張るしかない
141,　次第だ,2,成績が伸びるかどうかはあなたの努力次第です/ 花火大会は天気次第で 中止になる場合もあります
142,　次第,2,来週のスケジュールが決まり次第、連絡してください/ 参加者の名前がわかり次第、教えていただけませんか
143,　上は,2,今、庭に咲いている花は、きれいな上に香りもすごくいい/ この本は内容が難しい上に、翻訳がよくないので読みにくい
144,　とか,2,今度の試験はかなり難しいとか/ 鈴木さんは今日は病気で仕事を休むとか/ 昨日はこの夏一番の暑さだったとか
145,　めぐって,2,空港建設をめぐる争いが起こった/ 憲法改正をめぐって、長い間論争が続いている
146,　から言うと/から言えば,2,客の立場から言うと、この店は入り口が狭くて入りにくい/ この成績から言えば、国立大学は無理だと思う
147,ものではない,2,口の中にものを入れたまましゃべるものではない/ ほかの人の 痛みで 笑うものではない/ 目上の人に そんな言う方をするものではない
148,先立って,2,帰国に先立ち、リンさんの送別会が行われた/ わたしは留学するに先立って健康診断を行った
149,あまり,2,うれしさのあまり、彼は涙を流しました/ 心配するあまり、母は寝込んでしまった
150,　のことだから,2,時間の正確な彼女のことだから、もうすぐ来ますよ/ お酒が好きな山田さんのことだから、このワインをあげたら、さぞ喜ぶだろう/ あなたのことだからきっといい論文が書けると思います
151,　に限り,2,この映画は 18 歳以上の人に限る/ お申し込みはネットに限ります/ 70 際以上の方に限り、入場無料です/ いつも日曜日はお休みですが、明日に限って仕事があります/ 見たいドラマがある日に限って残業で帰りが遅くなってしまう/ 彼に限って、嘘をつくようなことはしない/ ディズニー映画は子供に限らず、大人にも人気がある
152,　限り,2,自分が変わらない限り何も変わらない/ 僕は命がある限り、君のことを守ります/ 辞書を見た限りでは、そんな言葉はないようだ
153,　とは限らない,2,親が言うことがいつも正しいとは限らない/ 日本人だから日本語を教えられるとは限らない
154,　に限る,2,雨の日は外に出ずに一日中寝るに限ります/ 暑い日は 冷たい ビールに 限る
155,　もとにして,2,失敗を もとに、すばらしい 発明が 生まれることも多い/ この映画は 実際にあった話をもとにして、作られた
156,　にしたら,2,親にしたら、娘が立派な弁護士になったのは嬉しいことだろう/ 犬や猫はかわいいが、飼っていない人にすれば、迷惑なこともある/ 学生にすれば、宿題は少なければ少ないほどいいだろう
157,　反面,2,この薬はよく効く反面、副作用がある/ この部屋は日当たりがいい反面、夏はかなり暑い/ 織田さんは紳士である反面、子供っぽいところがある
158,　ばかりに,2,仕事の経験が少ないばかりに、就職口がなかなか見つからない/ お金がないばかりに、今度の旅行には行けなかったのです
159,　向けだ/ 向けに,2,この本は外国人向けだが、日本人が読んでもとても面白く、ためになる/ ワンピースは少年向けの漫画です/ これは若いお母さん向けに書かれた本です/ このサイズの服は子供向きです/ 南向きの部屋があります
160,　にかけては,2,弟は勉強はできないが、泳ぎにかけては誰にも負けない/ 値段の安さにかけては、この店が一番だ
161,　にことに,2,残念なことに努力して頑張りましたが、失敗しました/ 驚いたことに町の様子が10年前に比べ、すっかり変わってしまった/ 嬉しいことに4月から、給料が1割りほど上がる
162,　に反して,2,天気予報に反して 雨が降り続いている/ 我々の期待に反して、新商品はあまり売れなかった
163,　を問わず,2,この試験は、年齢を問わず、誰でも受けられる/ この小説は、年齢や性別を問わず、多くの人々に読まれている
164,　を　とする/　を　として,2,彼女は辞書を枕として横になった/ 東京タワーを背景とする写真を撮りました
165,　まで,2,借金してまで 海外旅行に 行くなんて 私には 信じられない/ 親にうそをついてまで 遊びに行きたくない
166,　かと思ったら/　かと思うと,2,急に空が暗くなったかと思うと、激しく雨が降り始めた/ 姉は出かけたかと思ったら すぐ忘れ物を取りに帰ってきた
167,　てばかりはいられない,2,体の調子が悪いからといって、このまま会社を休んでばかりはいられない/ どんなに辛くても、泣いてばかりもいられない
168,　こそ,2,お互いに率直に話し合ってこそ理解し合えるのです/ 親になってこそ、親の苦労や気持ちがわかるものだ
169,　抜きで/ 抜きにして,2,皆さん、仕事の話は抜きにして楽しく飲みましょう/ こんな大切なこと、部長ぬきでは決められない/ この論文は先生の指導抜きには完成できない
170,　てはならない,2,「禁帯出」とは、外に持ち出してはならないという意味である/ 自分の利益のために法律を変えることがあってはならない
171,　はともかく/　はともかくして,2,値段はともかく、デザインのほうが気に入った/ あの女優は、顔はともかくとして演技がすばらしい/ 彼が行くかどうかはともかく、初めの計画どおり旅行しよう
172,　ないではいられない,2,父が病気だと聞いて、国に帰らないではいられない/ 態度の悪い店員に、一言文句を言わないではいられなかった/ 工事の音が うるさくて、耳をふさがないではいられない
173,　ずにはいられない,2,その無邪気さあふれる笑顔を見たら、誰でも愛せずにはいられないでしょう/ これは泣かずにはいられない感動の映画です
174,　ねばならない,2,ビザが 切れたので、国に帰らねばならない/ それが 真実であることを たしかめねばならない
175,ない　こともない,2,毎日 漢字を 4 つ か 5 つ なら 覚えられないこともない/ この会社を 辞める人の気持ちが わからないこともない
176,か　ないかのうちに,2,ベルが鳴るかならないかのうちに、先生が教室に入ってきた/ 彼女は「いただきます」と言うか言わないかのうちに食べ始めた
177,　てはいられない,2,明日は早く起きるので、いつものように遅くまでテレビを見てはいられない/ 来週は大事な期末試験なので、のんびりしてはいられない
178,　かいがある/　かいがあって,2,努力のかいあって、希望の大学に 合格した/ すてきな 人と 結婚できた。この年まで まったかいがあった
179,　かいがない/　かい (も) なく,2,手術のかいもなく、 愛犬が 死でしまった/ 予選で 落ちてしまい、一生懸命練習したかいがなかった
180,　一方で,2,いい親は厳しく叱る一方で、ほめることも忘れない/ わたしの仕事は夏は非常に忙しい一方、冬は暇になる/ このあたりは、静かな一方、不便である
181,　一方だ,2,大気中の CO2 濃度の上昇とともに、地球の温暖化は 進一方だ/ おじいさんの病気が悪化する一方だった
182,　上では/ 上は,2,男女差別は法律上も許されない/ 天気図の上では 春なのに、実際は まだ寒い
183,　そうにない/ そうもない,2,今のわたしの安い給料では、何年働いても自分の家は買えそうもない/ この仕事、まだ半分もできていないから今日中には終わりそうにない
184,　恐れがある,2,この薬は副作用のおそれがあるので、医者の指示に従って飲んでください/ 早く手術しないと、手遅れになるおそれがある
185,　にあたり/ にあたって,2,先輩は面接にあたっての注意事項を教えてくれた/ 論文を 書くにあたって 守るべきルールが ある
186,　にかかわらず,2,両親は賛成するかしないかにかかわらず、僕は君と結婚します/ テニスは年齢にかかわらず楽しめるスポーツだ
187,　にもかかわらず,2,多くの人が不可能だと思っているにもかかわらず、あの人は新発明のための研究をあきらめよう としない/ 科学の進歩にもかかわらず、タイムトラベルの概念は夢物語のままだ
188,　てからでないと,2,証拠をつかんでからでないと、彼を逮捕することはできない/ 親の許可をもらってからでなければ申し込めません
189,　からして,2,わたしは彼がきらいだ、その態度からして許せない/ 彼は 服装からして だらしない。きっと ほかの 面も 同じだろう/ この手紙は筆跡からして彼が書いたものに違いない
190,　のみならず,2,あの先生は教え方がうまいのみならず親切だ/ 彼女は成績優秀であるのみならず、人柄も申し分ない
191,　上で,2,アパートは部屋の中をみた上で買うかどうかを決めたい/ 家族と相談の上、お返事します
192,　に決まっている/　に違いない,2,夜も寝ないで勉強したのだから、合格するに決まっている/ 財布は電車の中で盗まれたに違いない/ 一人で外国へ旅行するなんて、親に反対されるに決まっている/ その情報を漏らしたのは彼女に相違ない
193,　からすると,2,症状からすると、心臓の病気かもしれません/ 親からすると、何歳になっても子供は子供なのだ
194,　得る,2,すべてが科学で説明し得るわけではない/ 根性がないと、この目標を達成し得ないよ/ 選びうる道がふたつあります
195,　にて,2,電話にてご連絡ください/ 本日は午後五時にて閉館します
196,　つつある,2,日本では子供の数が減りつつある/ 新種のウイルスによる 被害は、全国に 広がりつつある
197,　折りに(は),2,来日の折には、わたしがご案内します/ 御多忙の折に、わたしのために色々とお骨折り下さって、まことにありがとうございます/ 次にお目にかかった折に、お借りしていた本をお返しします
198,　に沿って,2,お客様 ひとりひとりの希望に沿った 旅行プランをお作りします/ 市民の要望に沿って、古い家屋を取り壊した
199,　にともなって,2,経済の不況に伴って、失業した人が増えている/ 引越しに伴い、電話番号が 変わりました/ 猫が成長するのに伴って、餌の量も増える
200,　につれて,2,台風が近づくにつれて、雨がひどくなってきた/ 時が経つにつれて、愛が深くなる/ 興奮するにつれて、彼はますます早口になった
201,　にしたがって,2,交通規則に従い車を運転してください/ 試験の日が近づくに従って、だんだん緊張してきた/ 日が暮れるに従って、寒くなってきた
202,　やら　やら,2,専門学校の学生は宿題やらアルバイトやらで忙しい/ 驚くやら悲しむやら、そのニュースを聞いた人たちの反応は様々だった/ 初デートは恥ずかしいやら嬉しいやら、複雑な気分だった
203,　につけ　につけ,2,嬉しいにつけ、悲しいにつけ、彼は音楽を聴く/ 写真を見るにつけ を聞くにつけを思い出す
204,　ものだから,2,自分の傘は人に貸してしまったものだから、わたしはしかたなく、濡れて帰った/ 家が狭いものですから、大きい家具は置けません
205,　としたら/とすれば,2,その話が本当だとしたら、嬉しいです/ 飛行機で行くとすれば、いくらぐらいかかりますか/ あの人が 今も 生きているとすれば、もう 90 際になっているでしょう
206,　どころではない,2,人の仕事を手伝うどころではありません、自分の仕事も間に合わないんです/ 卒業も危ないのだから、就職活動どころではない
207,　つつ,2,勉強が何より大事だと思いつつ、また授業をサボってしまった/ 悪いと知りつつ、うそをついてしまった/ 昨夜、久しぶりに会った友達と酒を飲みつつ語り合った
208,　というものでもない/　というものではない,2,品物は、高ければいいというものではない/ 有名な大学を卒業したからといって、それで成功できるというものでもない/ お金が あれば 幸せだというものでもない
209,　において,2,結果はホームページにおいて発表されます/ わたしにおいてはどうも異存はない/ 国際社会におけるわが国の 役割を考える
210,　をはじめ,2,会議には中国をはじめ、アジアの国々が参加した/ わが国では、野球をはじめとして、サッカーやテニスなど、様々なスポーツがさかんである
211,　を中心に,2,地球は太陽を中心として回っている/ 午前中は文法を勉強します、午後は会話を中心に勉強することになっています/ この店はスキー用品を中心としたスポーツ専門店です
212,　ことになっている,2,60 点以上が 合格という ことになっている/ この部屋には、関係者以外入ってはいけないことになっている/ 明日、暇? ごめん。明日は、実家に行くことになっているんだ
213,　まい,2,自分の目で確かめない限り、そんな恐ろしいことは誰も信じまい/ 彼は何も言うまいと思っているらしい
214,　ようか　まいか,2,彼と結婚しようかするまいか悩むくらいなら、やめたほうがいい/ 事実を言おうか言うまいかと、廊下を行きつ戻りつ考えた
215,　たよりに,2,愛してると言って! その言葉さえ聞けたら、この先それを頼りに生きていくから!/ あなたのことを頼りにしてもいい?
216,　をきっかけに,2,病気をきっかけに、酒をやめた/ わたしは、3年前に腎臓結石を手術したのをきっかけに、健康に注意するようになった/ 両親の離婚を契機に、子供は学校を辞めた
217,ないことには　ない,2,実際に読まないことには、この小説のおもしろさはわからないだろう/ 事実を確認しないことには、何とも申し上げられません
218,同然だ,2,この車は 中古車といっても 新品も同然だ/  彼の財産は ないも同然だ
219,　から見ると,2,ゴルフをしない者から見ると、何が面白いのか理解できない/ もっとも彼女の表情から見ると、あのピザはまったくおいしくなさそうだ
220,　ものか/もんか,2,約束をやぶった人に 信じものか/ 逃げるものか! わたしは犯人じゃない!
221,　ではないか/じゃないか,2,家にばかりいないで映画でも見に行こうじゃないか/ ともに新しい世界をつくろうではないか/ 誰もやらないなら、ぼくがやってみようじゃないか
222,も　ば　も,2,このレストランは、値段も安ければ味もいい/ 父はお酒も飲めばたばこも吸うので、健康が心配だ/ 彼は歌も上手なら踊りもうまい、パーティーの人気者だ
223,にしろ　(にしろ) /　にせよ　(にせよ),2,行くにしろ、行かないにしろ、連絡してください/ 引き受けるにせよ、引き受けないにせよ、なるべく早く決めたほうがいい/ 熱が下がったにせよ、しばらく安静が必要です/ 若いにせよ、毎日残業したら病気になるよ
224,　かのようだ,2,この人形はとてもよく作られていて、生きているかのようだ/ 彼は、いかにも全部わかっているかのように話している/ その瞬間、僕は時が止まったかのように感じました
225,　ようがない/ようもない,2,彼女は美人で、言いようもないほどきれい/ 質問の意味が分からなくて、答えようがなかった
226,　から　にかけて,2,九州から本州にかけて梅雨入りしました/ 私は、2007年から2009年にかけて、東京に住んでいました
227,　に際して,2,お申し込みに際しては、履歴書が必要となります/ 図書館のご利用に際しては、以下の点にご注意ください/ 試験に際して、携帯電話の電源を切ってください
228,　を通じて/を通して,2,入学試験の結果は先生を通じて聞いていました/ テレビのニュースを通してその事件を知った/ その花は一年を通じて咲いている
229,　からこそ,2,早く起きたからこそ始発電車に間に合ったのだ/ 難しい仕事だからこそ、面白いと友達が言った/ 愛していればこそ、別れるのです。わたしの気持ち、わかってください
230,　当然だ,2,ひどいことばかり言ったので、彼女に嫌われて当然だ
231,　次第です,2,日時の変更について、改めて お知らせする次第です/ お電話を頂いたようなので折り返しお電話をしている次第です
232,　かける,2,テーブルの上に食べかけのケーキが置いてある/ この本はまだ読みかけだ
233,　ものがある,2,満員電車で毎日通勤するのはつらいものがある/ 校長のスピーチには人々を感動させるものがあった
234,　わけだ,2,寒いわけだ、雪が降っている/ 彼女は動物が嫌いですから、犬を飼ったことがないわけです
235,　わけではない,2,私は彼を憎むわけではない、会いたくないだけだ/ テレビはつけてあるが、見ているわけではない
236,　わけがない,2,勉強もしないで遊んでばかりいて、試験にパスするわけがないじゃないか/ うそばかりついている彼が、みんなに信用されるわけがないでしょう
237,　わけにはいかない,2,彼女は「結婚しないと自殺する」と脅したから、結婚しないわけにはいかない/ あとで車を運転するので、今お酒を飲むわけにはいきません/ アパートで 住んでいるので、犬とか猫とか動物が 飼うわけにはいかたい
238,　のも(は)もっともだ,2,その恐ろしいニュースを聞いておどろくのももっともだ/ 君が裏切ったのだから、彼女が 怒るのももっともだ
239,　かかわって,2,睡眠剤は、量が多すぎると、生命にかかわるのだ/ 彼は 汚職事件にかかわって たいほされた/ 息子は マスコミにかかわる仕事をしている
240,それでも,2,外は 大雨だ、それでも 出かけないといけない/ みんなに 反対されている、それでも 私は彼と結婚したい
241,それなのに,2,一生懸命勉強している/ この時計は 高かった、それなのに すぐに 壊れた
242,それなら,2,「 明日映画に行くの? それなら私も連れていって。」/ 「 道が すごく 渋滞しているようだよ。」 「 それなら、電車で行こう。」
243,それで,2,朝寝坊した、それで仕事に遅れたんだ/ 父は 働きすぎた、それで 病気になった/ 「 田中君に お金を 貸してくれって 言われたんだ」 /「 へえー 、それで 、貸してあげたの?」
244,　げ,2,彼は何か言いたげだった/ 彼は得意げな顔で、みんなに新しいカメラを見せた
245,　たまらない,2,この仕事が大変なので、やめたくてたまらない/ 蚊に刺された足が痒くてたまらない/ 母のことが心配でたまらない
246,すなわち,2,母の兄、すなわちぼくの伯父は病院で働いています/ このペットボトルには1000ミリリットル、すなわち1リットルの水が入っています
247,あるいは,2,今日中にファックス、あるいは、メールで送ってください/ 来週の月曜日の午前はどうですか、あるいは火曜日の午後でもかまいませんが
248,だが,2,戦争は終わった、だが多くの命が失われた/ 生活は 貧しい、だが 幸せだ
249,だって,2,「何を おこっているの?」「だって、約束をやぶったじゃないか。」/「テストの点、よかったんだって?」「うん、だってやさしかったんだもん。」
250,とおり,2,人生は思いどおりにいかないものだ/ 先生が言ったとおり、試験は難しかった/ この本に 書くとおりに やってください
251,かなわない,2,毎日こう寒くてはかなわない/ 彼が無口で、一緒にいると退屈でかなわない
252,ということは,2,「わたしはもうお酒を飲めます」 「ということは二十歳を過ぎてるんだね」/ 「彼は、まだ 来ませんね、ということは、欠席ということですね」
253,というのは,2,わたしは肉は食べません、というのは、菜食主義だからです/ 最近疲労がたまっています、というのは 忙しすぎるうえに 心配事があって 寝ようとしても 寝ら れないからです
254,したがって,2,今年の夏は天候が非常に悪かった、したがって米の収穫がかなりすくなくなりそうだ/ 彼はまじめで誠実な人だ。したがってみんなから信頼されている
255,ただし,2,次のテストでいい点をとったら、新しいゲームソフトを買ってあげるよ。ただし、3000 円以下ですね/ 明日は 9 時に 集合です。ただし、雨の場合は 中止です
256,ただ,2,品はいい。ただ 値段が高すぎる/ ぼくはかまわない。ただ 妻が 何と言うか
257,仕方がない/しょうがない,2,勉強中、眠くてしょうがないときは、濃いお茶を飲むといい/ チケットが売れ切った。遅刻して、買えないので残念で仕方がない
258,　ならない,2,姉の結婚式に出席できないので、残念でならない/ 世界中を旅行して回れるなんてうらやましくてならない
259,　もっとも,2,検査の前夜から飲食禁止です。もっとも水は飲んでもかまいません/ 彼がお亡くなりになったと聞いて残念だった。もっとも、もちろん、予期せぬことではなかった
260,なお,2,今度の打ち合わせは土曜日です。なお、時間は後ほどお伝えします/ この件の説明は以上です。なお、詳細についてはプリントをご覧ください
261,さて,2,以上、今日のニュースをお伝えしました。さて 次に天気予報です/ これで 授業を終わります。さて 来週の予定ですが
262,すると,2,窓を開けた。すると 蚊が入ってきた/ ラジオをつけた。すると 懐かしい 曲が流れてきた
263,まま(に),2,セールスマンに 言われるまま、契約書に サインを してしまった/ 気の向くままに、キャンバスに絵を描いた
264,っぱなし,2,電車が混んでいて、東京まで立ちっぱなしだった/ テレビをつけっぱなしで寝てしまった
265,要するに,2,試合に大負けした。要するに相手のチームと力の差があったということだ/ 彼は一度も入賞しなかった。要するに 才能がなかったということだ
266,しかも,2,この辞書は説明がわかりやすく、しかも詳しい/ 彼女は美人で頭がいい。しかも性格がいい
267,おまけに,2,あのラーメン屋は高いしまずい。おまけにサービスも悪い/ 日本の夏は 暑いし、おまけに 湿気も 多いです
268,ちなみに,2,最近は、ペットを飼う家が増えているようです。ちなみに、うちにも犬が一匹と猫が二匹います/ 燃えるゴミは 月曜日と木曜日、燃えないゴミは 金曜日にだしてください。ちなみに 資源ごみの 収集日は だい 3 水曜日です
269,　っぽい,2,わたしは、自分でもおどろくほど忘れっぽいです/ たけしくんは飽きっぽくて何をやってもすぐやめてしまう/ 彼女は大人っぽくみえるけれどもまだ子供だ
270,きり/っきり,2,息子は、自分の 部屋に 入ったきり 出てこない/ 彼とは 去年の忘年会に会って、それっきり 会ってこない
271,それが,2,「お嬢さん、もう大学を卒業されましたでしょう?」「それが、まだなんですよ。」/ 煙草をやめると誓った。それが、たった三日でまた吸ってしまった
272,そこで,2,明日は車が混むらしい。そこで我々は朝早く出発するつもりだ/ 「今度アメリカに旅行します。そこでお願いがあるのですが。」
273,そういえば,2,「そういえば、田中君、元気かな?」/ 「いい家ですね。そういえば、お父様は設計士さんでしたよね。」
274,それはそうと,2,「今日の授業、面白かったね。」「うん、すごくためになった。それはそうと、今度の試験いつだっけ?」/「春になりましたねそれはそうと、田中さんの息子さん大学受かったでしょうか。」
275,ものだ,2,くすりは にがいものだ/ 人間は 年をとると 記憶力が衰えるものだ/ あなたの国へ行ってみたいものだ/ 娘には 私と 同じ 仕事はしてほしくないものだ
276,というものだ,2,無断で他人の日記を読むのは、プライバシーの侵害というものだ/ 一日に 2 0 時間も働くのは無理というものだ
277,ないものだろうか,2,デジカメ が 壊れた。なんとか、直らないものだろうか/ 最近、変なメールがたくさん来る。どうにかならないものか
278,ところ(を),2,ちょうど出かけようとしていたところへ友達が来た/ 忙しいところをご迷惑をかけてほんとうに申し訳ございます/ ぐっすり寝ているところに地震が起きて、はっと目が覚めた
279,たところ,2,上司にもう会社をやめたいと言ったところ、来月まではやめないで欲しいと言われた/ 病院で検査したところ、異常はなかった
280,ばかりだ,2,戦争のために、国民の生活はますます苦しくなるばかりだ/ 物価は 上がるばかりだ/ 事故が ないようにと ただ祈るばかりだ/ 彼女は何も言わなかった、ただわたしを睨むばかりだった
281,としても/としたって,2,あの人はいつも冷たい態度をとっている。笑いにしても時々だけです/ 留学して彼氏を離れるとしても、できるだ毎日電話をします
282,により,2,未成年者の飲酒は 法律により 禁じられている/ その地震による被害は、過去最大だった
283,　せてください/　せてもらえますか/　せていただけませんか,3,すみません。お腹が痛いので、トイレを使わせて下さい/本日は早退させていただけませんでしょうか/5分だけここに車を止めさせてもらえませんか
284,　ないと/なくちゃ,3,明日は早く出かけるから、もう寝ないと/田中さんにメールの返信をしなくちゃ
285,　とく,3,テレビ、見ないなら消しといて/朝早く起きて作っといた弁当を家に置いて来ちゃった/私のいうことを覚えときなさい
286,　みたいだ,3,彼女の心は氷みたいに冷たい/交差点にあんなにたくさん人がいる。何か事故があったみたいだ。行ってみよう
287,　らしい,3,この子は大人みたいな話し方をして子供らしくない/学生らしくもっと勉強しなさい/人は死ぬと天国や地獄に行くらしい
288,　っぽい,3,母はいつも子供っぽい服を着ている/これは酒と言われても、水っぽいです
289,　ようにする,3,歯を守るために、甘い物をたくさん食べないようにする/電車の中では、大きい声で話さないようにしましょう
290,　ようになる,3,一年間日本語を勉強して、日本語が話せるようになった/ 納豆が嫌いでしたけど、今は食べられるようになりました
291,　ますように,3,宝くじが当たりますように/明日雨がふりませんように
292,　ようと思っている,3,次の日本語能力試験を受けようと思っています/卒業したら、1年ぐらい旅行しようと思っています
293,　ようとする,3,彼が彼女にキスしようとした時、お母さんが部屋に入って来た/シャワーを浴びようとしたが、水が出なかった
294,　ようとしない,3,山田さんは試験が近いのに、全然勉強しようとしない/彼は飲酒の習慣を諦めようとしない
295,　ばかり,3,うちの子は毎日遊んでばかりで勉強をしない/テレビを見てばかりいると、目が悪くなりますよ/嘘ばかりつく人が嫌いだ/私が持っている服は白ばかりだから、ピンク色の服も欲しいい
296,だけしか　ない,3,昨日は忙しくて、２時間だけしか寝られなかった/ラーメンを注文したけど、お腹があまり空いてなくて、一口だけしか食べられなかった/コンサートには、チケットを持っている人だけしか入れません
297,　さえ,3,家族にさえ言えないこともある/上手な彼でさえ不合格ですから、とても難しいと思います/冷蔵庫には野菜さえ入っていない
298,さえ　ば,3,あと1万円さえあれば新しいいiPadが買えるのに/悲しみを分かち合える友達さえいれば、辛い事があっても乗り越えられる/住所さえ分かれば、地図で探して行きます
299,　からこそ,3,誠実さこそ、結婚相手に求める物だ/彼こそが私たちが探していた人です/おじいさんはいつも本を読んでいるからこそ知識が豊かだ
300,　に関して,3,この本には、交通規則に関する事が書いてあります/私達は最近の事故に関してはまだ新しい情報が得られません
301,　について,3,兄は大学院で、アジアの経済について研究しています/この図書館には、機械工学についての本がたくさんある
302,　によれば/によると,3,最近の研究によれば、日本人の平均寿命はまだ伸びているそうだ/テレビのニュースによるとインドで飛行機の墜落事故があったそうだ
303,　によって/により/による,3,オリンピックの開催地はIOCの委員の投票によって決めることになっている/この問題は話し合いによって解決できると思います
304,　というのは,3,パソコンというのはパーソナルコンピューターの略だ/英語というのは一朝一夕にマスターできる物ではない/正直というのはいつの美徳だ/コウモリって私たちと同じ哺乳動物なのです
305,　というより,3,喫茶店でコーヒーが飲みたいというより、疲れたから、どこかに座りたいだけだ/弟は昨日の試験に落ちた。頭がよくないというより全然勉強しなかったせいだ
306,　というと/　といえば/　といったら,3,日本の花というと、桜がすぐ頭に浮かぶ/外国人に人気のある観光地といえば、やはり京都でしょうか
307,　ご覧,3,苦くないからちょっと飲んでご覧/その単語の意味がはっきりしなければ、辞書で調べてご覧
308,　ように言う,3,先生は私たちに毎日教室を掃除するように言う/医者にお酒を飲まないように言われました/私は佐藤さんに、会議の前に資料をコピーしておくように頼みました
309,　どんなに/いくら　ても,3,彼といる時は何をやっても楽しい/何が起きても心配しないで
310,　ずに,3,この部屋には、靴を抜かずにお入りください/私の事は気にせずに先に行ってください
311,　として,3,小説を書く事は難しく、小説家として成功する事はもっと難しい/ペットを飼うなら、飼い主としての責任を持って欲しい/このスープんは、缶切りとしても使う事ができます
312,　にしては,3,あの二人は初対面にしては仲が良さそうだ。実は前から知っていたのかも/彼は、プロの歌手にしては歌が下手だ
313,　にしても,3,この漢字は難しい。大人にしても読みにくい/どんな言語を学ぶにしても、辞書なしではすまない/洗ったの？それにしては綺麗じゃないね/この時間の電車はいつも混んでいるが、それにしても混みすぎている、何かあったのだろうか
314,　つもりだった,3,用事があったので、パーティーに行かないつもりでしたが、行けるようになりました/朝まで寝ずに勉強するつもりだったのに、寝てしまった
315,　はずだ,3,今日は日曜日だからデパートは混んでいるはずです/隣のうちから変な音がするよ。今誰もいないはずなのに/現場の足跡を見ると、犯人は２人のはずだ/勉強しないと試験には受からないとわかっていたはずだ
316,　はずがない,3,そんな難しい問題は小学生ができるはずがない/山田さんはいつもチョコレートを食べていますから、嫌いなはずがありません/あの人は入院しているので、明日の旅行に来るはずがない
317,　べきだ/べきではない,3,薬は子供の手の届かないところに置くべきだ/お母さんがあなたを叱る時、そのように口答えをするべきではない
318,　ものだ,3,小学生の時、よく学校をサボって母に叱られたものだ/昔は海岸の近くに住んでいた。それで、よく貝を拾ったりしたものだ
319,　ついでに,3,部屋を掃除するついでに、お風呂も洗っておきました/引越しのついでに、新しい家具を買いたいです/彼に会いに行くの？だったら、ついでにこの手紙を渡してくれる
320,　たびに,3,父は出張のたびにお土産を買ってきてくれる/山に登るたびにもう辞めたいと思うのに、頂上に着くたびにまた登りたいと思う
321,　とたんに,3,彼女をみたとたん、他の心配事は全て心から飛び去った/ 彼は家を出たとたんに、警察に捕まえられた/立ち上がったとたんに、目眩がした
322,　最中に,3,試合の最中に雨が降って、結局中止となった/映画をみている最中に停電した/食事の最中に、お客さんが来た
323,　とおり,3,医者の言うとおりにすると約束した/人生は思いとおりに行かないものだ/先生が書くとおりに、一緒に漢字を書いてください
324,　まま,3,裸足のままで外に出掛けた/日本では卵をなまのまま食べると言うのは本当ですか/冬は靴下を履いたまま寝ています/メガネを欠けたまま顔を洗ってしまった
325,　っぱなし,3,コーラのフタを開けっぱなしにすると、泡がなくなっちゃいますよ/バスの中に空席がなかったので、私はたちっぱなしだった/家に帰ると、妻がテレビを付けっぱなしで寝ていた
326,　きり/っきり,3,今朝の授業では、先生は私一人きりでした/彼女に会ったのは1回きりです
327,　がる,3,彼は試合に負けて悔しがっている/妹は車を欲しがっているが、父は絶対ゆるさないと言っている/ベランダにハトが来たので餌をあげたが、怖がって近づいてこない/息子は今の仕事を嫌がっている
328,　たがる,3,外食する時、私はパスタやピザを食べたいのに、彼はいつも牛丼屋へ行きたいがる/友達が私の昔の写真を見たがるので、家から持ってきました/兄は仕事を辞めたがっていますが、お金がないので、まだ辞められません/彼らはどうして離婚したのか言いたがらなかった
329,　がり,3,寒がり/怖がり/私は寒がりだから、冬が苦手だ
330,　て欲しい/て貰いたい,3,家に入る時は、靴を脱いで入って欲しいです/他人の弱点や欠点を批判する目ではなく、慈しみ深い目で見て欲しい/国へ帰っても学んだ日本語を忘れないで欲しい/できるかどうか自信がないので、期待しないでもらいたい/
331,　ふりをする,3,彼女は、結婚直前に破談になっても、平気なふりをした/私は学校に行かないように病気のふりをして、つい母を心配させてしまった/田中さんは独身のふりをしているが、結婚していて３人も子供がいる
332,　にとって,3,誰にとっても一番大切なものは健康だと思います/この問題は、あなたにとっては簡単でも、私にとっては難しい/新しい仕事を探している人にとって、このウェブサイトは役に立つと思います
333,　わりに（は）,3,私は甘いものばかり食べるわりにあまり太らない/お金がないわりに、よく買い物をするね/この映画、評判のわりには全然面白くなかったな
334,　にして（は）,3,彼は６０歳にしては元気だ
335,　くせに,3,彼は、医者のくせにタバコを剃っている
336,　なんか/なんて,3,犬なんかこのマンションで飼えない/こんな天気のいい日に、家の中で仕事なんかしたくない/漢字なんて書けない/試験なんて嫌いだ/こちらのセーターなんかいかかでしょう。この色は 今年の流行色ですよ
337,　おかげで,3,きみのおかげで私たちのチームは50点も獲得した/シートベルトをしていたおかげで、一命を取りとめました/この雨のおかげで 出発を遅らすことができた
338,　せいで,3,熱があるせいで、何を食べてもおいしくない/暑いせいか、食欲がない/映画の開始時間を間違えたせいで、見ることができなかった
339,　代わりに,3,日本語を教えてくれる代わりに、田中さんに中国語を教えています/我が家ではバターのかわりにマーガリンを使う/副大統領は 大統領のかわりに その会合で話をした/正月は海外旅行に行く代わりに、近くの温泉に行った
340,　に代わって/に代わり,3,戦後、ラジオに代わってテレビが メディアの主役になった/停電したので、テレビの代わりにラジオを使った
341,　ほど,3,言葉にできないほど美しい景色だ/今日は朝から仕事が忙しくて、食事をする時間もないくらいだ/彼のことが死ぬほど好きです/この CD を聞くと不思議なほどよく眠れる/目に見えないほど小さいダイヤの指輪を買った/送別会で持ち帰れないほどのプレゼントを頂きました
342,　ほど,3,野菜は 新しいほど おいしい/伝統的なものは、古いほど価値がある
343,　ば　ほど,3,彼のこと、忘れようとすればするほど、思い出しちゃう/あの人のことを好きになれば好きになるほど、心が痛い/パズルが複雑なら複雑なほど、できたときうれしいです
344,　くらい/ほど　ない,3,今まで読んだ本の中で この本ほど面白い本はない/愛する 人を 失うことほど 辛いことはない/マリさんくらい木を植えることが好きな人はいない
345,　ことはない,3,人生、悪いことばかりでないから悲観することはない/おじさんの病気はすぐによくなるから君は何も心配することはない
346,　ということだ/　とのことだ,3,新聞によると、先日起きた事件の犯人が捕まったということだ/さっき 川村さんから 電話がありました。今日は 社に戻れないとのことです/部長の話よると、今年の新入社員の 数は去年の倍だということだ/先輩に「明日から来なくてもいいからね」と言われた。つまり首ということかな
347,　ことだ,3,信頼されたければ、信頼性のある人になることだ/お酒は 少しなら 体に悪くない。飲みすぎないことだ
348,　ことか,3,家の近くに 地下鉄が通って、どんなに便利なことか/この風景はなんと きれいなことか/合格できたら、どんなにうれしいことか/これが冗談なら どんなにいいことか/何度注意したことか/遅かったね。どれだけ心配したことか/あの建物が 完成するのに、いったい何年かかることか
349,　っけ,3,去年泊まったホテルの名前は 何だっけ? 忘れちゃった/あれ、わたし、さっき眼鏡をどこに置いたっけ?
350,　しかない,3,終電がなくなったので、歩いて帰るしかない/家内がいないあいだ、自分で料理を作るしかない/お金がないなら、お金を稼ぐ方法を考えるしかない
351,　んだって,3,世界のいろいろなところで 今もまだ戦争が続いているんだって/試験の範囲は、教科書の最初から 50 ページまでだって/明日から暑くなるんですって/仕事にはいるのは 今日からだって/この店のすし、おいしいんだって
352,　(んだ)もん,3,今日の試験、できなかった。勉強しなかったんだもん。仕方がない
353,　つまり,3,彼は獣医、つまり、動物のお医者さんです/祖母は耳が遠い、つまり、耳がすこし不自由なのだ
354,そのために,3,隣の駅で事故があったらしい。そのために、電車が遅れている/留学するつもりだ。そのために、バイトして お金をためている
355,なぜなら（ば）,3,この場所が大好きだ。なぜかというと、たくさんの思い出があるからだ/彼を叱らないほうがいいと思う。なぜなら、彼の今度のミスはそんなにひどくないからだ
356,　は もちろん　も,3,父は ゴルフが 趣味で、週末はもちろん平日も仕事のあとで練習しています/この旅行会社は 国内はもちろん海外にもたくさん支店を持っています/面接試験では、話し方はもちろん、服装などにも気をつける必要がある/キャベツは 炒めて食べるのはもちろん、なまで食べてもおいしいです
357,ばかりか　も/　ばかりでなく　も,3,わたしは右手ばかりでなく左手でも字が書けます/あの子は絵をかくのはいいばかりでなく、歌うのも うまいです/彼は町を案内してくれたばかりでなく、この地方の料理もごちそうしてくれた/この病院は医者が足りないばかりでなく、設備も古いので、十分な治療ができない/このごろ、彼は遅刻が多いばかりか、授業中に居眠りすることもあります/この車は空気を汚さないばかりか、価格が高い
358,　に対して,3,彼女は だれに対しても親切です/子どもに対する親の愛情はいつの時代でも変わらない/社員の要求に対して 会社側からは何の回答もなかった/父の意見に対して 家族のみんなが反対した/彼らは罪に対する罰を受けるべきだ
359,　たて,3,絞りたてのミルクはおいしいね/いれたてのコーヒーの香りは、いつも私を幸せな気持ちにしてくれる/この会社に入りたての社員は、まだ会社のルールがわからないことが多い/この魚は焼きたてです
360,　ばよかった,3,この映画、全然面白くないなあ。違う映画を見ればよかった/わさびはとても 辛いですね。おすしに入れなければよかった/遅刻してしまった。もっと早く家を出ればよかった
361,ば　のに,3,あと 5 分あれば、全部の問題を解くことができたのに/タクシーで行ったら、間に合ったのに、バスに乗ってしまったので遅れてしまった
362,　かな（あ）,3,休み中の費用は、これで足りるかな/昨日の試合 、どっちのチームが勝ったかなあ/いつも家を出たあとで、ガスの火を消したかなあと心配になる
363,から　にかけて,3,10 歳のときから 15 歳のときにかけて パリに滞在しました/来週東京から大阪にかけて大雨が降るそうです
364,　において,3,この古い建物は 明治時代において建てられました/結婚式は 大きい教会において 行われました
365,たとえ　ても,3,たとえ元気じゃなくても、家族への手紙には元気だと書きます/たとえ土砂降りでも行かなければならない/たとえ親に反対されたとしても構わないし、私の人生は私が決める
366,　とは限らない,3,おいしそうに 見える食べ物が 必ずしもおいしいとは限らない/海外に住んだからと言って、英語がペラペラになるとは限らない
367,まるで　よう/みたい,3,あの女の人は、美しくて、優しくて、まるで天使のようだ/あの 2 人 は、まるで双子のように似ています/まだ三月のはじめなのに とても暑い。まるで夏になったかのようだ/この靴は、まるで くもりの上を歩いているみたいに軽い
368,だけど,3,野菜ば好きじゃない。だけど 体にいいから食べる/宿題で分からないところをお父さんに聞いてみた。だけど、お父さんも分からなかった
369,ところが,3,猫は魚が好きなものだ。ところが、家の猫は魚がきらいだ/納豆は安くておいしいし健康にも良い。ところが、嫌いな人が案外多い/昨夜はコンサートに行くつもりだった。ところが病気で行けなくなった
370,ですから,3,天気予報では 午後から雨だそうです。ですから、傘を持っていったほうがいいですよ/明日から旅行に行きます。ですから、申し訳ありませんが、来週のパーティーには 出席できません
371,ところで,3,明日、試験でしょ。頑張ってね。ところで、来週の月曜日は空いてる/もうすぐ、今年も終わりですね。ところで、お正月はどうなさいますか
372,もし　たなら,3,もし 彼が 社長でなかったなら、会社は つぶれていたと思う/もし 試験を受けていたなら、合格していたと思う
373,もし　としても,3,もし お金がたくさんあったとしても、派手な服を買わない/もし 明日 雨だとしても、式は 行われる/もし 日本へ行くとしても 都会に住みたくないです
374,　ことになる/　ことになっている,3,この機会を逃したら、あとあと後悔することになる/目が悪くなったので、運転するときにメガネをかけることになりました/日本では目上の人には敬語を使うことになっている/70 点以上が合格ということになっている
375,　ことにする,3,経験があるために アルバイトをすることにします/1 日に 1 回、野菜ジュースを飲むことにしています/最近、朝起きられないので、夜は早く寝ることにしました/一晩じっくり考えて、この車を買うことにしたよ/これから甘いものは食べないことにする
376,ことは　が,3,この薬は効くことは効くが、飲むと眠くなってしまう/彼女のことは好きなことは好きだけど、結婚したいほどじゃないよ/このレストランはおいしいことはおいしいが、値段が高すぎる
377,ない　ことはない,3,お箸は使えないことはないんですが、ナイフとフオークのほうが使いやすいです/漢字を 全部 一年間で 覚えられない事もない/車を運転できないことはないんですが、ほとんどしません
378,　たところ,3,久しぶりに、故郷に帰ってみたところ、昔と全然変わっていて少し悲しかった/医者に 2 週間分の薬を 出して欲しいと お願いしたところ 断られた
379,　ところだった,3,床が濡れていることに気づかず、もう少しで倒れるところだった/別の 人にメッセージを送ってしまうところだったけど、送る前に気づいた。よかった/仕事で失敗して、会社をクビになるところだったが、先輩が助けてくれた
380,　てはじめて,3,入院してはじめて 健康のありがたさが分かりました/彼に出会って初めて愛の大切さを知りました/先生に注意されてはじめて漢字の間違いに気がついた
381,　うちに,3,説明を聞いているうちに だんだん わかってきた/最初は 変な歌だと 思ったが、聞いているうちに、この 歌が好きになった
382,　わけだ,3,彼はクラスの中で 一番賢明なので、いつも一番高い点を取るわけだ/あの人は日本人ですよ。でも、外見はベトナム人のようですね。それで日本語が上手なわけですね
383,　わけではない,3,政治に興味がないわけではないが、なかなか勉強する機会がない/全然 見込みがないわけではないが、あまり期待はしないほうがいいでしょう /このレストランはいつも込んでいるが、値段が安いわけではない
384,　わけがない,3,学生を愛する中村先生は 学生に対して 叱るとか、殴るとかするわけがないよ/お金を盗むなんて、たとえどんな理由があっても両親が許すわけがない
385,　わけにはいかない,3,いくらお金がなくても、他人から盗むわけにはいかない/親友は「今回だけ助けて」と言って、親友の頼みを断るわけにはいかない
386,決して　ない,3,本当の愛の進路は、決してなめらかなものではない/わたしは決して友人を裏切ったことはない。裏切るくらいなら、わたしが死ぬほうがましだ
387,まったく　ない,3,どれだけ酒を飲んでも、まったく酔いがまわらなかった/きみのことがまったく理解できない/彼は大学を出たばかりで、まったく経験がない
388,　めたにない,3,めったにほめない 先生に ほめられて うれしい/吠える犬は めったに噛み付く事はない/彼女は めったに歌わないが、今夜は歌うと思う
389,少しも　ない,3,最近、よく運動したが、ちっとも痩せなかった/彼女は テストの点数について 少しも気にしてない
390,　それとも,3,音楽は聞くのが好きですか、それとも歌うのが好きですか/お持ち帰りになさいますか？それとも店内でお召し上がりになられますか
391,その上,3,バスがなかなか来なかったその上、雨が降ってきた/この料理はおいしい。其の上安い
392,　たって/だって,3,お金持ちだって、幸せじゃない人もいます/喋りたくないのなら、喋らなくてもいいよ。あなたが喋らなくたって事情はちゃんとわかっているから/うちの子はいくら注意したって、悪い癖が治らない/彼女と別れるなんて一度だって思ったことないよ/家賃が 少しぐらい 高くたって 交通の便のいいところに 住みたいな
393,　ために,3,霧のために 列車がおくれてしまった/私が物理で失敗したのは、物理に興味を持たなかったためだ/今年の夏は 暑かったために、ビールがよく売れた
394,　させられた,3,子どものとき テストの 成績が悪いと、父に トイレそうじをさせられた/妻に月給を出させられるので、自由に使うことができない/山田さんは病気が非常に重かったので、医者にすぐ入院させられました
395,　向けだ,3,この服は男性でも着られないことはないが、女性向けだ/この携帯電話は お年寄り向けに作られたので、ボタンが大きくて使いやすい/若者向けの車では、デザインが重視される
396,　向き,3,ここの中華料理は、甘くて日本人向きだ/この部屋は南向きなので、明るくて暖かい
397,　っこない,3,宝くじなんて、当たりっこないよ。確率はすごく低いんだ/あなたが言わなければ、他の人は知りっこないよ/血液型で人の性格なんてわかりっこない/車なんて買えっこないよ、自転車を買うお金もないんだから/1 日 10 時間も勉強するなんて、僕にはできっこないよ
398,　てからでないと/　てからでなければ,3,今日の宿題が終わってからでないと、遊びに行けない/高校を卒業してからでなければ、留学に行くことができません/運転免許を取ってからでなければ、車を運転してはいけない
399,　に決まっている,3,同じ値段なら、質がいいほうがたくさん売れるに決まっている/ハンバーグを 20 個食べるのは無理に決まっている/あのチームが勝つに決まっています
400,　に違いない/に相違ない,3,教室にかばんがないから、田中さんはもう帰ったに違いない/中国人にとって日本語の漢字学習は簡単に違いない/彼女は若い頃はかわいい女の子だったに違いない
401,　からといって,3,お金がたくさんあるからといって 使いすぎるのはよくない/一度ぐらい断られたからといって、そんなに簡単に諦めないでください/貧しいからといって、人を軽蔑すべきではないよ/新型だからといって旧型より良いとは限らない
402,　に通じて/　を通じて,3,京都は 1 年を通じて たくさんの観光客が 訪れる/半年を通して 強く練習して、オリンピックに出場しようと思います
403,　出す,3,突然 大雨が降り出し、人々はあわてて建物の中に入った/さっきまで 笑っていた赤ちゃんが 急に泣き出した/ベルが 鳴って、ドアが閉まって、私たちが乗った電車は ゆっくり動き出した
404,　のことだから,3,スポーツなら何でもやる鈴木さんのことだから、きっとスキーも上手でしょう/やさしい花井さんのことだから、頼めばやってくれるでしょう/ケチな山田くんのことだから、パーティーには来ないと思うよ
405,　ではいられない,3,お祭りだと言われると、行かないではいられなくなってしまう/「口が軽い人」とは、何でも人に話さないではいられない人のことです
406,　（より）ほかない,3,天候不純で、山頂まで行くのはあきらめるほかない/今日自転車が故障したので、学校まで歩くよりほかしかたがない/薬を飲んでも熱が下がらないので医者に見てもらうよりほかはない
407,　気味,3,今週は、貧血気味なので、あまり激しい運動はやめておきます/今年は、桜の開花が遅れ気味のようだ。早く咲かないかなあ
408,　がち,3,最近、寝る前にメイクを落とすのを忘れがちで、肌が荒れてきてしまった/お金持ちは 貧乏人を 見下しがちである/最近悪い天気がちなので 試合が行われない
409,　ばかりだ,3,一度けんかしてから、彼女とは関係が悪くなるばかりだ/傷が深くなるばかりです/就職してから運動する機会が減り、体重は増えるばかりだ
410,　ことがある,3,ときどき、眼鏡をかけたまま 寝てしまうことがあります/時々、何もかも忘れて どこか遠くへ行きたくなることがある/わたしたちの先生は 急に怒ることがあるから、こわい/職場で誰とも話さないことがある
411,　くらいなら/ぐらいなら,3,お酒が飲めなくなるくらいなら、もう死んだほうがいい。それくらいお酒が好きだ！/あいつのまずい料理を食べるくらいなら、道に生えてる草を食べる/そんな小さい理由で別れるくらいなら、 最初から付き合うな
412,　一方（で）,3,私は毎日家事をする一方で、会社の仕事をしなければならない。夫は何も手伝わない/わたしの仕事は夏は非常に忙しい一方、冬は暇になる/田中さんはサッカーが得意な一方、野球が苦手だ
413,　反面,3,家の近くに駅があると便利な反面、騒音に悩まされることもある/この車は、空気を汚さない反面、価格が高い/この部屋は日当たりがいい反面、夏はかなり暑い
414,　に限る,3,太りたくなければ、カロリーの高いものを食べないに限る/旅行は電車に限ります。窓の外の風景をゆっくり見るのが好きです/映画は家で見るより、映画館で見るに限る
415,　とか,3,あの店のパンはとてもおいしいとか。今日、帰りに買って帰ります/今夜の花火大会は、雨で中止だとか/お嬢さんが結婚なさったとか。おめでとうございます
416,　ことから,3,ガラスが割れていることから、泥棒が入ったとわかった/足跡が巨大であることから、容疑者は人間ではないと思われる/日本語の授業でとなりの席になったことから、わたしたちは親しくなった/顔がそっくりなことから、双子であることを知った
417,も　ば　も,3,あの人は服も汚ければ、髪も長くて、ほんとうにだらしない人だ/彼は歌も上手なら踊りもうまい、パーティーの人気者だ/旅行に行きたいが、お金もなければ時間もない/人生には 楽しい 時もあれば、つらい時もある
418,　（し）ています,4,勉強しています/ご飯を食べています
419,　（て）しまいました,4,遅れてしまいました/忘れてしまいました
420,　（て）あります,4,ドアが閉めてあります
421,　（て）おきます,4,友達が来る前に、準備をしておきます/本を読んでおきます
422,　（て）おいてください,4,会議のために、書類を準備しておいてください
423,まだ　です/　まだ　ています,4,まだ食事をしています
424,　と思っています,4,日本へ留学しようと思っています
425,　つもりです,4,先生になるつもりです/卒業したら帰国するつもりです
426,　予定です,4,来週の金曜日に帰る予定です
427,　ほうがいいです,4,たばこを吸わないほうがいいです
428,　でしょう,4,雪は降らないでしょう/雨でしょう
429,　かもしれません,4,来ないかもしれません
430,　という意味です,4,危険は危ないという意味です
431,　と言っていました,4,ミラーさんは明日国へ帰ると言っていました
432,もう　ない,4,もう、走れない
433,　通りに,4,彼女が話す通りに、書いてください
434,　後で,4,食事をした後で、歯を磨きます
435,　ないで,4,バスに乗らないで、学校へ歩いて行きます
436,　なれば,4,春になれば、桜が咲きます
437,　ば　ほど,4,日本語を勉強すればするほど、上手になります
438,　ようになります/　してください,4,日本語をうまく話せるようになりました/明日遅刻しないようにしてください
439,　しなくなります,4,明日雨が降りますから、出かけなくなりました
440,やっと,4,やっとJLPTテストのN1が合格できました
441,　によって,4,飛行機はライト兄弟によって発明されました
442,　かどうか,4,明日行くかどうかまだ決めていません
443,　てみます,4,この寿司美味しいですよ。食べてみてください
444,　さ,4,長さ/高さ
445,　を頂きました,4,お母さんに誕生日プレゼントを頂きました
446,　てくださいました,4,先生は私に日本の歴史を教えてくださいました
447,　てやりました,4,私のペットみみちゃんに餌を作ってやりました
448,　ために,4,日本語の勉強のために、来日しました
449,　に,4,家の近くにスーパーができたので、買い物に便利です
450,　は/　も,4,日本の結婚式はお金どれくらいかかりますか/ 200万円はかかります/200万円もかかるんですか
451,　そうです,4,あの本は棚から落ちそうです
452,　てきます,4,持ってきます/行ってきます
453,　つもりです,4,6時に帰るつもりです/今年のJLPTテストを受けるつもりです
454,　過ぎます,4,食べ過ぎます/面白過ぎます
455,　易い,4,住みやすい
456,　難い,4,歩き難い
457,　く/　にします,4,早くします
458,　場合,4,雨が降った場合、係の人に連絡してください
459,　のに,4,ダイエットをしたのに、太ってしました
460,　ところ,4,今から買い物に行くところです/寝るところです
461,　ばかり,4,日本へ来たばかりです
462,　はず,4,彼はお酒を飲まないはずです/明日は雨のはずです
463,どうも,4,どうも雪がふりそうですね
464,　によると,4,天気予報によると、明日は雨だそうです
465,　ようです,4,昨日の晩雨が降ったようです
466,　させて頂けませんか,4,2つ日間休みをさせて頂けませんか
467,　は　です,5,私はミラーです/ ススさんは医者です
468,　は　じゃありません/　は　ではありません,5,私は学生じゃありません/ 私は先生ではありません
469,　は　ですか,5,彼女は会社員ですか
470,　も　です,5,サントスさんも会社員です
471,これは　です,5,これは本です
472,これは　の　です,5,これは私の本です
473,この　は　のです,5,この本は私のです
474,ここは　です,5,ここは病院です
475,　はあそこです,5,本はあそこです
476,今　です,5,今5時です
477,　から　まで　ます,5,9時から5時まで働きます/ 私は月曜日から金曜日まで働きます
478,　に　ます,5,6時に起きます
479,　へ,5,日本へ行きます
480,　で,5,飛行機で行きます/あなたはなんで会社へ行きましたか
481,　と,5,家族と行きます/あなたは誰と日本へ来ましたか
482,　に,5,7月8日に来ました
483,　を,5,新聞を買います
484,　ませんか,5,一緒に行きませんか
485,　ましょう,5,今日は帰りましょう
486,で　,5,駅で買います
487,もう　ましたか,5,もう食べましたか/
488,まだ　ません,5,まだ食べません。これから食べます
489,　に,5,先生にもらいました
490,　で,5,ご飯を手で食べます
491,　います,5,あそこに佐藤さんがいます/家族はニューヨークにいます
492,　あります,5,机の上に写真があります/東京ディズニーランドは千葉県にあります
493,　より　です,5,新幹線は電車より早いです
494,いちばん　です,5,秋が一番好きな季節です/ 一番美味しいです
495,どちらが　ですか,5,サッカーとテニスとどちらが好きですか
496,方が　です,5,サッカーのほうが好きです
497,　欲しいです,5,車が欲しいです
498,　たいです,5,食べたいです
499,　したいです,5,散歩したいです
500,　したくないです,5,散歩したくないです
501,　に行きます/来ます,5,映画を見に行きます/日本へ勉強に来ました
502,　ますから/ましたから,5,ごはんを食べましたから、お腹が一杯です
503,　てください,5,ちょっと待ってください
504,　ています,5,ミラーさんは今電話をかけています
505,　持っています,5,自転車を持っています
506,　てはいけません,5,歩いてはいけません
507,　てもいいです,5,来てもいいです
508,　に,5,土曜日うちにいます
509,　て,5,このパソコンは軽くて、便利です
510,　てから,5,食べてから、行きます
511,　なければなりません,5,朝６時に起きなければなりません
512,　ないでください,5,ここに車を止めないでください
513,　なくてもいいです,5,明日は来なくてもいいです
514,　が出来ます,5,食べることが出来ます/ミラーさんは漢字を読むことが出来ます
515,　前に,5,寝る前に、日記を書きます
516,　ことがあります,5,行ったことがあります
517,　たり,5,休みの日はテニスをしたり、散歩に行ったりします
518,　（に）なります,5,先生になりました
519,　と思います,5,私は明日雨がふるとおもいます/綺麗だと思います/明日の天気は寒いと思います
520,　と言いました,5,勉強していると言いました
521,　みないと,5,食べてみないと
522,　でしょう,5,明日は雨がふるでしょう/ 高いでしょう
523,　時,5,外へ出かける時、傘をもっていきます
524,　と,5,ここに手を触ると、水が出ます
525,　あげました,5,帽子をあげました
526,　くれました,5,お婆さんがお菓子をくれました
527,　もらいました,5,この本をミラーさんにもらいました
528,　たら,5,晴れたら、遊びに行きます
529,　ても/　でも,5,いくら遠くても、行きます/病気でも、行きます